{
    "dataset_info": {
        "total_original_songs": 80,
        "total_cover_songs": 83
    },
    "MR": 11.464583333333334,
    "MRR": 0.6460271572050407,
    "MAP": 0.6125,
    "Top_1": 49,
    "Top_10": 64,
    "Recall": 0.6083333333333333,
    "mean_extraction_time_crp_covers": 3.4942984408642874,
    "mean_extraction_time_crp_no_covers": 3.404653917748662,
    "mean_extraction_time_css_covers": 1.1278177054531604,
    "mean_extraction_time_css_no_covers": 1.0968939231193628,
    "Qmax_parameters": {
        "binarize_percentile": 0.095,
        "frame_stack_size": 9,
        "frame_stackStride": 1,
        "noti": 12,
        "oti": true,
        "otiBinary": false,
        "alignment_type": "serra09",
        "dis_extension": 0.7,
        "dis_onset": 0.5,
        "distance_type": "asymmetric"
    },
    "Ranking": {
        "Positions": [
            81,
            29,
            31,
            1,
            1,
            2,
            8,
            3,
            27,
            4,
            1,
            1,
            1,
            1,
            1,
            1,
            9,
            1,
            10,
            1,
            1,
            2,
            17,
            1,
            1,
            2,
            1,
            52,
            1,
            14,
            61,
            1,
            20,
            48,
            1,
            1,
            1,
            1,
            1,
            32,
            1,
            1,
            1,
            1,
            1,
            1,
            1,
            1,
            1,
            1,
            1,
            1,
            1,
            1,
            1,
            1,
            1,
            10,
            36,
            37,
            1,
            4,
            67,
            48,
            1,
            23,
            1,
            3,
            1,
            63,
            1,
            1,
            3,
            5,
            1,
            7,
            50,
            6,
            1,
            1,
            63,
            1,
            1
        ],
        "Distances": [
            0.6326659917831421,
            0.27755385637283325,
            0.590242326259613,
            0.08792725950479507,
            0.16512548923492432,
            0.17877933382987976,
            0.21890267729759216,
            0.20441481471061707,
            0.3802630603313446,
            0.3406672179698944,
            0.02701619453728199,
            0.05069366469979286,
            0.15494565665721893,
            0.08973463624715805,
            0.05910090357065201,
            0.25433680415153503,
            0.2247369885444641,
            0.05986436456441879,
            0.18449313938617706,
            0.10607249289751053,
            0.1721033900976181,
            0.17827650904655457,
            0.28391382098197937,
            0.04787442833185196,
            0.04387025907635689,
            0.1385313868522644,
            0.1973244547843933,
            0.562445342540741,
            0.03686310350894928,
            0.16723769903182983,
            0.5870739817619324,
            0.15429729223251343,
            0.31687378883361816,
            0.542111873626709,
            0.0440974235534668,
            0.027243351563811302,
            0.10584484040737152,
            0.04963444545865059,
            0.057367727160453796,
            0.4824933707714081,
            0.03981752321124077,
            0.028277292847633362,
            0.058669064193964005,
            0.06171272322535515,
            0.19130194187164307,
            0.07906517386436462,
            0.05490170791745186,
            0.0855877622961998,
            0.07845471799373627,
            0.02950725145637989,
            0.05947599187493324,
            0.2474842071533203,
            0.0702328309416771,
            0.061700645834207535,
            0.10282618552446365,
            0.1169307753443718,
            0.10727736353874207,
            0.30332985520362854,
            0.41803115606307983,
            0.4769357442855835,
            0.040178488940000534,
            0.2142156958580017,
            0.7155565619468689,
            0.4228519797325134,
            0.13335630297660828,
            0.6218901872634888,
            0.04907168820500374,
            0.22437022626399994,
            0.06335826963186264,
            0.8504472970962524,
            0.09213773161172867,
            0.12817645072937012,
            0.19646833837032318,
            0.17816263437271118,
            0.15568000078201294,
            0.46903833746910095,
            0.31888943910598755,
            0.2630842924118042,
            0.041152600198984146,
            0.030744286254048347,
            1.0353025197982788,
            0.020872104912996292,
            0.08537650853395462
        ],