{
    "dataset_info": {
        "total_original_songs": 80,
        "total_cover_songs": 83
    },
    "MR": 11.75625,
    "MRR": 0.6567483736944795,
    "MAP": 0.625,
    "Top_1": 50,
    "Top_10": 60,
    "Recall": 0.6291666666666667,
    "mean_extraction_time_crp_covers": 3.4563789798552733,
    "mean_extraction_time_crp_no_covers": 3.364174975624567,
    "mean_extraction_time_css_covers": 1.1343998305768852,
    "mean_extraction_time_css_no_covers": 1.1015646503486884,
    "Qmax_parameters": {
        "binarize_percentile": 0.095,
        "frame_stack_size": 9,
        "frame_stackStride": 1,
        "noti": 12,
        "oti": true,
        "otiBinary": false,
        "alignment_type": "chen17",
        "dis_extension": 0.7,
        "dis_onset": 0.5,
        "distance_type": "asymmetric"
    },
    "Ranking": {
        "Positions": [
            81,
            52,
            25,
            1,
            2,
            5,
            17,
            3,
            42,
            2,
            1,
            1,
            1,
            1,
            1,
            1,
            38,
            1,
            9,
            1,
            1,
            2,
            15,
            1,
            1,
            1,
            5,
            35,
            1,
            57,
            34,
            1,
            21,
            13,
            1,
            1,
            1,
            1,
            1,
            1,
            1,
            1,
            1,
            1,
            1,
            1,
            1,
            1,
            1,
            1,
            1,
            1,
            1,
            1,
            1,
            1,
            1,
            47,
            40,
            13,
            1,
            11,
            77,
            70,
            1,
            8,
            1,
            3,
            1,
            67,
            1,
            1,
            36,
            1,
            1,
            10,
            31,
            11,
            1,
            1,
            26,
            1,
            1
        ],
        "Distances": [
            0.07469687610864639,
            0.07497628778219223,
            0.07622391730546951,
            0.03119928017258644,
            0.044020459055900574,
            0.04518695920705795,
            0.05290045961737633,
            0.057449690997600555,
            0.05574854090809822,
            0.04198085889220238,
            0.015235502272844315,
            0.021615957841277122,
            0.03667173907160759,
            0.030795246362686157,
            0.029142988845705986,
            0.03974134847521782,
            0.060243770480155945,
            0.025230133906006813,
            0.043552614748477936,
            0.03835223615169525,
            0.04178478941321373,
            0.04585232213139534,
            0.04135147109627724,
            0.02199430949985981,
            0.0210571326315403,
            0.03543240204453468,
            0.04598016291856766,
            0.05759163200855255,
            0.018811030313372612,
            0.05552497133612633,
            0.05712225288152695,
            0.055533912032842636,
            0.04649852216243744,
            0.04575332999229431,
            0.022200696170330048,
            0.015975266695022583,
            0.04724977910518646,
            0.01863728277385235,
            0.025149667635560036,
            0.039712075144052505,
            0.023380398750305176,
            0.01747308485209942,
            0.026723118498921394,
            0.0261751227080822,
            0.04310271888971329,
            0.033230528235435486,
            0.026833925396203995,
            0.036283042281866074,
            0.03072238713502884,
            0.01837177574634552,
            0.03265222907066345,
            0.06064017489552498,
            0.023175382986664772,
            0.022214684635400772,
            0.039396002888679504,
            0.032960403710603714,
            0.04237448424100876,
            0.08895321190357208,
            0.06203646585345268,
            0.049238622188568115,
            0.018570370972156525,
            0.0511721633374691,
            0.0861092135310173,
            0.08818360418081284,
            0.03489735350012779,
            0.054236333817243576,
            0.022162584587931633,
            0.0500204861164093,
            0.026504045352339745,
            0.0983135849237442,
            0.03506544977426529,
            0.0364709235727787,
            0.05704735219478607,
            0.04467898979783058,
            0.03934595733880997,
            0.08690571784973145,
            0.04493466019630432,
            0.059455081820487976,
            0.02361583150923252,
            0.017632657662034035,
            0.10971304774284363,
            0.012314564548432827,
            0.03166564553976059
        ],