{
    "dataset_info": {
        "total_original_songs": 80,
        "total_cover_songs": 83
    },
    "MR": 10.11875,
    "MRR": 0.6538967348308006,
    "MAP": 0.6125,
    "Top_1": 49,
    "Top_10": 62,
    "Recall": 0.6083333333333333,
    "mean_extraction_time_crp_covers": 3.4409803482423347,
    "mean_extraction_time_crp_no_covers": 3.3509284268251656,
    "mean_extraction_time_css_covers": 1.0982546576534409,
    "mean_extraction_time_css_no_covers": 1.0689544729003277,
    "Qmax_parameters": {
        "binarize_percentile": 0.095,
        "frame_stack_size": 9,
        "frame_stackStride": 1,
        "noti": 12,
        "oti": true,
        "otiBinary": false,
        "alignment_type": "serra09",
        "dis_extension": 0.5,
        "dis_onset": 0.5,
        "distance_type": "asymmetric"
    },
    "Ranking": {
        "Positions": [
            82,
            39,
            42,
            1,
            1,
            2,
            9,
            2,
            27,
            2,
            1,
            1,
            1,
            1,
            1,
            1,
            14,
            1,
            11,
            1,
            1,
            2,
            16,
            1,
            1,
            2,
            1,
            33,
            1,
            21,
            42,
            1,
            13,
            14,
            1,
            1,
            1,
            1,
            1,
            34,
            1,
            1,
            1,
            1,
            1,
            1,
            1,
            1,
            1,
            1,
            1,
            1,
            1,
            1,
            1,
            1,
            1,
            9,
            39,
            16,
            1,
            3,
            71,
            62,
            1,
            17,
            1,
            2,
            1,
            56,
            1,
            1,
            9,
            4,
            1,
            4,
            39,
            10,
            1,
            1,
            22,
            1,
            1
        ],
        "Distances": [
            0.42094698548316956,
            0.19291262328624725,
            0.36408987641334534,
            0.06984409689903259,
            0.10829394310712814,
            0.11689526587724686,
            0.14885291457176208,
            0.13512903451919556,
            0.20423440635204315,
            0.15844231843948364,
            0.02601706236600876,
            0.044048525393009186,
            0.09570351988077164,
            0.06758276373147964,
            0.05347203090786934,
            0.12934136390686035,
            0.15209384262561798,
            0.05142716318368912,
            0.1173686757683754,
            0.08285320550203323,
            0.11363839358091354,
            0.11915206164121628,
            0.1380917727947235,
            0.04222597926855087,
            0.040228474885225296,
            0.10146219283342361,
            0.13231074810028076,
            0.22497884929180145,
            0.03347436338663101,
            0.11876727640628815,
            0.23415572941303253,
            0.1067444458603859,
            0.1321495771408081,
            0.19936344027519226,
            0.04065938666462898,
            0.02606349252164364,
            0.08794578909873962,
            0.041894830763339996,
            0.04934413731098175,
            0.2626560628414154,
            0.038089267909526825,
            0.027713248506188393,
            0.052465006709098816,
            0.05278537794947624,
            0.12278266251087189,
            0.0676143541932106,
            0.0486239455640316,
            0.07239457964897156,
            0.06502296775579453,
            0.028943108394742012,
            0.05686791613698006,
            0.17443466186523438,
            0.058590684086084366,
            0.050931692123413086,
            0.07811371237039566,
            0.08574912697076797,
            0.09007363021373749,
            0.19872227311134338,
            0.21741223335266113,
            0.22532659769058228,
            0.03549972549080849,
            0.12387781590223312,
            0.3764926791191101,
            0.27985653281211853,
            0.08600308001041412,
            0.2698012590408325,
            0.043591853231191635,
            0.12971703708171844,
            0.05377334728837013,
            0.5055171251296997,
            0.07613292336463928,
            0.08958633989095688,
            0.14930030703544617,
            0.11652091890573502,
            0.10065104812383652,
            0.2348734587430954,
            0.14223676919937134,
            0.17380012571811676,
            0.037876665592193604,
            0.028661057353019714,
            0.4429171681404114,
            0.020227033644914627,
            0.0668240636587143
        ],