{
    "dataset_info": {
        "total_original_songs": 80,
        "total_cover_songs": 83
    },
    "MR": 12.08125,
    "MRR": 0.6565427114528738,
    "MAP": 0.625,
    "Top_1": 50,
    "Top_10": 60,
    "Recall": 0.6291666666666667,
    "mean_extraction_time_crp_covers": 3.4626519680023193,
    "mean_extraction_time_crp_no_covers": 3.371433237294553,
    "mean_extraction_time_css_covers": 1.1516428424651364,
    "mean_extraction_time_css_no_covers": 1.1193963381435807,
    "Qmax_parameters": {
        "binarize_percentile": 0.095,
        "frame_stack_size": 9,
        "frame_stackStride": 1,
        "noti": 12,
        "oti": true,
        "otiBinary": false,
        "alignment_type": "chen17",
        "dis_extension": 0.5,
        "dis_onset": 0.5,
        "distance_type": "asymmetric"
    },
    "Ranking": {
        "Positions": [
            82,
            61,
            21,
            1,
            2,
            5,
            23,
            3,
            42,
            2,
            1,
            1,
            1,
            1,
            1,
            1,
            39,
            1,
            9,
            1,
            1,
            2,
            14,
            1,
            1,
            1,
            5,
            38,
            1,
            63,
            30,
            1,
            23,
            11,
            1,
            1,
            1,
            1,
            1,
            1,
            1,
            1,
            1,
            1,
            1,
            1,
            1,
            1,
            1,
            1,
            1,
            1,
            1,
            1,
            1,
            1,
            1,
            55,
            39,
            13,
            1,
            13,
            73,
            76,
            1,
            9,
            1,
            3,
            1,
            69,
            1,
            1,
            37,
            1,
            1,
            10,
            27,
            11,
            1,
            1,
            28,
            1,
            1
        ],
        "Distances": [
            0.062271714210510254,
            0.06681698560714722,
            0.06334991753101349,
            0.02956702932715416,
            0.04012724757194519,
            0.04059017077088356,
            0.04783928394317627,
            0.05240089073777199,
            0.048075560480356216,
            0.03754667937755585,
            0.015049053356051445,
            0.020666755735874176,
            0.03305817022919655,
            0.028876017779111862,
            0.028210626915097237,
            0.035123392939567566,
            0.05359137803316116,
            0.024000655859708786,
            0.039356231689453125,
            0.03572956472635269,
            0.03776783496141434,
            0.0416717529296875,
            0.03592868894338608,
            0.02117867022752762,
            0.02037503384053707,
            0.03212447464466095,
            0.041343461722135544,
            0.049242157489061356,
            0.018128052353858948,
            0.050510223954916,
            0.048484448343515396,
            0.05073905736207962,
            0.040537964552640915,
            0.03964027017354965,
            0.021611198782920837,
            0.01570042036473751,
            0.04481029883027077,
            0.017899828031659126,
            0.0239690151065588,
            0.035036277025938034,
            0.02298658899962902,
            0.017343662679195404,
            0.02564214915037155,
            0.02509034052491188,
            0.0394967719912529,
            0.030592039227485657,
            0.025827651843428612,
            0.03448818624019623,
            0.028554199263453484,
            0.018212230876088142,
            0.03150895982980728,
            0.0540815144777298,
            0.022259343415498734,
            0.021180205047130585,
            0.035858284682035446,
            0.03037278540432453,
            0.04009374976158142,
            0.07958226650953293,
            0.05323926731944084,
            0.04131733998656273,
            0.017882931977510452,
            0.045761801302433014,
            0.06889646500349045,
            0.07838258892297745,
            0.031352706253528595,
            0.04649917036294937,
            0.021366983652114868,
            0.04462487995624542,
            0.025190506130456924,
            0.0794447511434555,
            0.033093955367803574,
            0.03396150469779968,
            0.05066491663455963,
            0.040719252079725266,
            0.03571305051445961,
            0.07581177353858948,
            0.03951591998338699,
            0.05049501731991768,
            0.022899772971868515,
            0.017141250893473625,
            0.08668890595436096,
            0.012188735418021679,
            0.029622681438922882
        ],